split,n_lgu,l1_mean,l2_mean,l3_mean,pct_zero_l1
train,1303,0.33691481197237144,0.1688411358403684,0.056792018419033,0.8089025326170376
test,326,0.3067484662576687,0.15950920245398773,0.04294478527607362,0.8159509202453987
